Question,Category,Genre,Intensity,Safe for First Time?,Safe for Work?,Egyptian Translation (Ammiya),,
"If you could have dinner with any historical figure, who would it be and what would you ask them?","Coworkers, First Date, First Time Meeting, Friends",What If...,Medium,Yes,Yes,لو قدرت تتعشى مع أي شخصية تاريخية، تختار مين وهتسأله إيه؟,,
What's your unpopular food opinion that you're willing to defend?,"First Time Meeting, Friends",Funny,Light,Yes,Yes,إيه رأيك الغريب في الأكل اللي مستعد تدافع عنه؟,,
What childhood memory has shaped who you are today?,"Family, Friends, Lovers",Deep,Bold,No,Yes,إيه أكتر ذكرى من طفولتك أثرت في شخصيتك وخليتك الشخص اللي أنت عليه النهاردة؟,,
What's something you wish more people understood about you?,"Family, First Date, Friends, Lovers",Deep,Medium,No,Yes,إيه الحاجة اللي نفسك الناس تفهمها عنك أكتر؟,,
What's something I would totally go viral for?,"Coworkers, Friends, Lovers",Funny,Light,Yes,Yes,إيه الحاجة اللي لو عملتها ممكن أطلع بيها تريند؟,,
When do you feel most like yourself?,"First Date, Friends, Lovers",Deep,Medium,No,Yes,إمتى بتحس إنك على طبيعتك بجد؟,,
What's a belief or value that you'll never compromise on?,"Coworkers, Family, Friends, Lovers",Deep,Medium,No,Yes,إيه المبدأ اللي عمرك ما هتتنازل عنه أبداً؟,,
Who in this group would survive a zombie apocalypse the longest—and who dies first?,"Coworkers, Family, Friends",Funny,Light,Yes,Yes,مين في القعدة دي ممكن يعيش أكتر لو حصل زومبي أبوكاليبس.. ومين أول واحد هيموت؟,,
What's something you're currently struggling with but rarely talk about?,"Friends, Lovers",Deep,Bold,No,No,إيه الحاجة اللي بتعافر معاها الأيام دي بس مابتتكلمش عنها؟,,
"If you could change one thing about me, what would it be?","Friends, Lovers",Awkward,Bold,No,No,لو ممكن تغير فيا صفة واحدة، هتختار إيه؟,,
What if we swapped lives for a week — what would shock you the most?,"Family, First Date, Friends, Lovers",What If...,Light,Yes,Yes,لو بدلنا حياتنا لمدة أسبوع، إيه أكتر حاجة هتصدمك؟,,
What if we were in a movie — what roles would we each play?,"Coworkers, Family, First Time Meeting, Friends",What If...,Light,Yes,Yes,لو إحنا في فيلم، كل واحد فينا هيلعب دور إيه؟,,
What's the most embarrassing thing you've done that I don't know about?,"Friends, Lovers",Awkward,Bold,No,No,إيه أكتر موقف محرج عملته وأنا ماعرفش عنه حاجة؟,,
Have you ever pretended to agree with me just to avoid conflict?,"Friends, Lovers",Awkward,Bold,No,No,عمرك عملت نفسك موافقني في الرأي بس عشان تريح دماغك؟,,
What's something about me that annoys you but you've never said out loud?,"Family, Friends, Lovers",Awkward,Bold,No,No,إيه الحاجة اللي بتضايقك فيا بس عمرك ما قلتها؟,,
What's something you've lied about recently?,"Friends, Lovers",Honest,Bold,No,No,إيه الحاجة اللي كدبت فيها قريب؟,,
What if you had to relive one day of your life forever — which would you pick?,"Family, Friends, Lovers",What If...,Light,Yes,Yes,لو هتعيش يوم واحد من حياتك وتعيده للأبد، هتختار أنهي يوم؟,,
The moment I knew I was falling for you was…,Lovers,Deep,Bold,No,Yes,اللحظة اللي عرفت فيها إني وقعت في حبك كانت...,,
"If we switched lives for a day, what do you think I'd struggle with most?","Family, Friends, Lovers",Know me,Light,No,Yes,لو بدلنا حياتنا ليوم، تفتكر إيه أكتر حاجة هتعب فيها؟,,
What's my go-to comfort food when I'm stressed?,"Family, Friends, Lovers",Know me,Light,No,Yes,إيه الأكلة اللي بجري عليها لما بكون متضايق أو مضغوط؟,,
I hope you never stop…,Lovers,Deep,Bold,No,Yes,أتمنى إنك عمرك ما تبطل...,,
What's something I always say or do that makes me… me?,"Family, Friends, Lovers",Know me,Light,No,Yes,إيه الحاجة اللي دايما بقولها أو بعملها وبتميزني؟,,
What's one thing I'd never leave the house without?,"Friends, Lovers",Know me,Light,No,Yes,إيه الحاجة اللي مستحيل أنزل من البيت من غيرها؟,,
"If you lost me in a supermarket, where's the first place you'd look?",Lovers,Know me,Light,No,Yes,لو تهت منك في السوبر ماركت، أول مكان هتدور عليا فيه فين؟,,
"If I suddenly got famous, what would it be for?","Family, Friends, Lovers",Know me,Light,No,Yes,لو بقيت مشهور فجأة، تفتكر هيكون بسبب إيه؟,,
"If you could go to jail for something that I did so that I would be able to keep living my life, would you?",Lovers,Deep,Bold,No,Yes,لو ممكن تدخل السجن مكاني عشان أنا أكمل حياتي، هتعمل كده؟,,
My favorite part of your personality is…,"Friends, Lovers",Deep,Medium,No,Yes,أكتر حاجة بحبها في شخصيتك هي...,,
What's the most attractive thing I've ever done by accident?,Lovers,Deep,Medium,No,Yes,إيه أكتر حركة جذابة عملتها من غير ما أقصد؟,,
Being loved by you feels like…,Lovers,Deep,Bold,No,Yes,محبتك ليا بحسها زي...,,
"If your favorite celebrity confessed her love for you, would you dump me to date her?",Lovers,What If...,Medium,No,Yes,لو الفنانة المفضلة ليك اعترفتلك بحبها، هتسيبني عشانها؟,,
"If you develop superpowers and were sworn to keep them a secret to keep me safe, would you tell me anyways?","Friends, Lovers",What If...,Medium,No,Yes,لو جالك قوى خارقة وحلفت إنك تخبيها عشان تحميني، هتقولي برضو؟,,
My favorite memory of us still is…,Lovers,Deep,Bold,No,Yes,أحلى ذكرى لينا لسه معلقة معايا هي...,,
"What do your friends know about me, if anything?",Lovers,Honest,Medium,No,Yes,صحابك يعرفوا إيه عني؟,,
"If you had to describe the way I love in one sentence, what would it be?",Lovers,Deep,Bold,No,Yes,لو هتوصف طريقتي في الحب بجملة، هتقول إيه؟,,
What was the first thing you noticed about me when we met in person?,"First Date, Friends, Lovers",Honest,Light,No,Yes,إيه أول حاجة لاحظتها فيا لما اتقابلنا وش لوش؟,,
Do you believe it is better to love or be loved?,"First Date, Friends, Lovers",Deep,Medium,No,Yes,تفتكر الأحسن إنك تحب ولا تتحب؟,,
When's the last time you ghosted someone and why?,"Friends, Lovers",Honest,Bold,No,No,إمتى آخر مرة خلعت من حد (ghosting) وليه؟,,
What is the easiest way to break your trust?,"Friends, Lovers",Honest,Bold,No,Yes,إيه أسهل طريقة الواحد يكسر بيها ثقتك؟,,
What's one thing you know about me now that you wish you knew the first day we met?,"Friends, Lovers",Deep,Medium,No,Yes,إيه الحاجة اللي عرفتها عني دلوقتي وكان نفسك تعرفها من أول يوم؟,,
"What's something I do that worries you, because you care about me?","Family, Friends, Lovers",Deep,Bold,No,Yes,إيه الحاجة اللي بعملها وبتقلقك عليا عشان بتهتم بيا؟,,
Is it harder to forgive ourselves or to forgive those who hurt us?,"First Date, Friends, Lovers",Deep,Medium,No,Yes,تفتكر أصعب نسامح نفسنا ولا نسامح اللي وجعونا؟,,
What's the most supportive thing I've done for you that you'll never forget?,"Family, Friends, Lovers",Deep,Medium,No,Yes,إيه أكتر موقف جدعنة عملته معاك وعمرك ما هتنساه؟,,
"What feels more intense, falling in love or falling out of love?","First Date, Friends, Lovers",Deep,Medium,No,Yes,إيه إحساسه أقوى، لما تقع في الحب ولا لما الحب يروح؟,,
"If you could grant us one wish for our future together, what would it be?",Lovers,Deep,Medium,No,Yes,لو ليك أمنية واحدة لمستقبلنا سوا، هتكون إيه؟,,
What was your favorite day with me?,"Friends, Lovers",Deep,Medium,No,Yes,إيه كان أحلى يوم قضيته معايا؟,,
"When did you realize I loved you-like, actually not me just saying it?",Lovers,Deep,Bold,No,Yes,إمتى حسيت إني بحبك بجد، مش مجرد كلام؟,,
What type of dad do you think I'll be?,Lovers,Deep,Bold,No,Yes,تفتكر هكون أب عامل إزاي؟,,
What's a common trait shared by everyone else that you've dated?,Lovers,Honest,Bold,No,No,إيه الصفة المشتركة في كل الناس اللي ارتبطت بيهم قبلي؟,,
What do you hope our future home looks like?,"Friends, Lovers",Deep,Medium,No,Yes,نفسك شكل بيتنا في المستقبل يكون إزاي؟,,
"If you got a call saying I'd been detained, what's your guess for why?","Friends, Lovers",Funny,Light,No,Yes,لو جالك تليفون إن أنا مقبوض عليا، تفتكر التهمة هتكون إيه؟,,
Who was the first person you told about me?,Lovers,Honest,Medium,No,Yes,مين أول حد حكيتله عني؟,,
"If I got banned from a store, which one would it be and why?","Friends, Lovers",Funny,Light,No,Yes,لو اتمعنت أدخل محل، تفتكر هيكون محل إيه وليه؟,,
What changed in you after we met?,Lovers,Deep,Bold,No,Yes,إيه اللي اتغير فيك بعد ما عرفنا بعض؟,,
What do you know about me that would ruin my chances of ever becoming president?,"Friends, Lovers",Funny,Medium,No,Yes,تعرف عني إيه ممكن يضيع مستقبلي لو رشحت نفسي للرئاسة؟,,
"If you had to pick one animal for us to become, what would we be?","Friends, Lovers",What If...,Light,Yes,Yes,لو لازم نتحول لحيوانات، هنكون إيه؟,,
"If you could instantly make me an expert at one thing, what would it be?","First Date, Friends, Lovers",What If...,Light,Yes,Yes,لو بإيدك تخليني خبير في حاجة فجأة، هتختار إيه؟,,
What's the one question you've always wanted to ask me but never did?,"Friends, Lovers",Awkward,Bold,No,Yes,إيه السؤال اللي نفسك تسألهولي من زمان ومسألتوش؟,,
"If you had to be conjoined twins with someone from our friend group, who would it be and why?",Friends,Funny,Light,Yes,Yes,لو لازم تكون توأم ملتصق مع حد من شلتنا، هتختار مين وليه؟,,
"If I suddenly had a completely different personality, would you still love me?","Friends, Lovers",Deep,Bold,No,Yes,لو شخصيتي اتغيرت 180 درجة، هتفضل تحبني؟,,
Who is more likely to become friends with a random stranger they meet in public?,"First Time Meeting, Friends",Funny,Light,Yes,Yes,مين فينا اجتماعي وممكن يصاحب أي حد في الشارع؟,,
Who is more likely to laugh at a joke that nobody else finds funny?,"First Time Meeting, Friends",Funny,Light,Yes,Yes,مين فينا بيضحك على نكت بايخة محدش غيره بيضحك عليها؟,,
Who's more likely to stay up all night scrolling on their phone?,"First Time Meeting, Friends",Funny,Light,Yes,Yes,مين فينا بيسهر طول الليل يقلب في الموبايل؟,,
Who's more likely to hide behind the other person when they see a bug?,"First Time Meeting, Friends",Funny,Light,Yes,Yes,مين بيستخبى ورا التاني لما يشوف حشرة؟,,
"Who's more likely to say, ""I'm not upset,"" but is actually upset?","First Time Meeting, Friends",Funny,Light,Yes,Yes,مين بيقول 'أنا مش زعلان' وهو شايط من جوه؟,,
"If I were a character in a sitcom, what role would I play?","Coworkers, First Date, First Time Meeting, Friends",Funny,Light,Yes,Yes,لو أنا شخصية في مسلسل سيت كوم، هكون مين؟,,
"If I had to wear the same outfit every day, what would it be?","Coworkers, First Time Meeting, Friends",Funny,Light,Yes,Yes,لو لازم ألبس طقم واحد كل يوم، هيكون إيه؟,,
What's one thing I do that would definitely annoy people if they lived with me?,"First Date, Friends",Funny,Light,No,Yes,إيه الحاجة اللي بعملها وممكن تجنن أي حد عايش معايا؟,,
"If I disappeared for a week, what's your best guess why?",Friends,Funny,Light,No,Yes,لو اختفيت أسبوع، تفتكر هيكون السبب إيه؟,,
"If I suddenly became famous, what do you think it would be for?","Coworkers, Friends, Lovers",Funny,Light,Yes,Yes,لو اشتهرت فجأة، تفتكر هيكون بسبب إيه؟,,
What's something you're learning to accept about yourself?,"Friends, Lovers",Deep,Bold,No,Yes,إيه الحاجة اللي بتحاول تتقبلها في نفسك مؤخراً؟,,
What kind of people make you feel safe?,"First Date, Friends, Lovers",Deep,Medium,No,Yes,إيه نوع الناس اللي بيحسسك بالأمان؟,,
What's something you wish you were better at expressing?,"Friends, Lovers",Deep,Bold,No,Yes,إيه الحاجة اللي نفسك تعرف تعبر عنها أحسن؟,,
What's something small that has a big impact on your mood?,"First Date, Friends, Lovers",Deep,Light,Yes,Yes,إيه الحاجة البسيطة اللي ممكن تقلب مودك؟,,
What do you usually overthink?,"Friends, Lovers",Deep,Medium,No,Yes,إيه اللي دايماً بتفكر فيه بزيادة (Overthinking)؟,,
What makes you feel truly appreciated?,"First Date, Friends, Lovers",Deep,Medium,No,Yes,إيه اللي بيحسسك إنك متقدر بجد؟,,
When was the last time you felt proud of yourself?,"First Date, Friends, Lovers",Deep,Medium,No,Yes,إمتى آخر مرة حسيت بفخر بنفسك؟,,
What's something you're scared people might misunderstand about you?,"Friends, Lovers",Awkward,Bold,No,Yes,إيه الحاجة اللي بتخاف الناس تفهمها غلط عنك؟,,
What's one thing you need reassurance about?,"Friends, Lovers",Awkward,Bold,No,Yes,إيه الحاجة اللي محتاج حد يطمنك دايماً بخصوصها؟,,
When was the last time you avoided a hard conversation?,"Friends, Lovers",Awkward,Bold,No,No,إمتى آخر مرة هربت من مواجهة أو كلام تقيل؟,,
What's something you wish you reacted differently to in the past?,"Friends, Lovers",Awkward,Medium,No,Yes,إيه الموقف اللي بتتمنى لو كنت اتصرفت فيه بشكل مختلف؟,,
"What's something you judge people for, even if you don't want to?","Friends, Lovers",Awkward,Bold,No,No,إيه الحاجة اللي بتحكم على الناس بسببها غصب عنك؟,,
What's a compliment you don't fully believe?,"Friends, Lovers",Awkward,Medium,No,Yes,إيه المجاملة اللي لما بتتقالك مش بتصدقها أوي؟,,
"What's a habit you know isn't great, but you still do?","Friends, Lovers",Awkward,Medium,No,Yes,إيه العادة الهباب اللي عارف إنها غلط ولسه بتعملها؟,,
What if money wasn't an issue — how would your life change?,"Coworkers, First Date, First Time Meeting, Friends",What If...,Light,Yes,Yes,لو الفلوس مش مشكلة، حياتك هتتغير إزاي؟,,
What if you could send your past self one sentence — what would it say?,"First Date, First Time Meeting, Friends",What If...,Medium,Yes,Yes,لو تقدر تبعت جملة واحدة لنفسك زمان، هتقول إيه؟,,
What if you could relive one conversation — which one?,"First Date, Friends, Lovers",What If...,Medium,No,Yes,لو تقدر تعيد محادثة واحدة حصلت، هتختار أنهي؟,,
What if your life had chapters — what would this chapter be called?,"First Date, First Time Meeting, Friends",What If...,Medium,Yes,Yes,لو حياتك فصول في كتاب، الفصل ده هيكون اسمه إيه؟,,
What if you woke up tomorrow with zero fear — what would you do first?,"First Date, First Time Meeting, Friends",What If...,Medium,Yes,Yes,لو صحيت بكرة ومنعدم عندك الخوف، هتعمل إيه أول حاجة؟,,
What if you could restart one year of your life — which year would it be?,"First Date, First Time Meeting, Friends",What If...,Medium,Yes,Yes,لو ينفع تعيد سنة واحدة من حياتك، هتختار سنة كام؟,,
What if you had to move to a new country tomorrow — where would you go?,"Coworkers, First Date, First Time Meeting, Friends",What If...,Light,Yes,Yes,لو لازم تهاجر بكرة لبلد تانية، هتروح فين؟,,
What if you could instantly master one skill — what would it be?,"Coworkers, First Date, First Time Meeting, Friends",What If...,Light,Yes,Yes,لو ينفع تتعلم مهارة فجأة، هتختار إيه؟,,
What if you had to describe your future in three words?,"Coworkers, First Date, First Time Meeting, Friends",What If...,Light,Yes,Yes,لو هتوصف مستقبلك في 3 كلمات، هيبقوا إيه؟,,
What if we met again for the first time today — what would be different?,"First Date, Friends, Lovers",What If...,Light,No,Yes,لو اتقابلنا لأول مرة النهاردة، إيه اللي كان هيختلف؟,,
What's something you think I'm better at than I realize?,"Family, Friends, Lovers",Know me,Light,No,Yes,إيه الحاجة اللي أنا شاطر فيها وأنا مش واخد بالي؟,,
What's my biggest comfort activity?,"Family, Friends, Lovers",Know me,Light,No,Yes,إيه أكتر حاجة بعملها عشان أروق؟,,
What's one thing you think I need more of in my life?,"Family, Friends, Lovers",Know me,Medium,No,Yes,إيه اللي تفتكر حياتي محتاجاه أكتر؟,,
What kind of situation do you think stresses me out?,"Family, Friends, Lovers",Know me,Light,No,Yes,إيه المواقف اللي بتوترني؟,,
What do you think makes me feel calm?,"Family, Friends, Lovers",Know me,Light,No,Yes,تفتكر إيه اللي بيهديني؟,,
What's one thing you think motivates me?,"Family, Friends, Lovers",Know me,Light,No,Yes,إيه اللي بيحفزني ويشجعني؟,,
What do you think I value more than I admit?,"Family, Friends, Lovers",Know me,Medium,No,Yes,تفتكر إيه الحاجة اللي تهمني جداً بس مابقولش؟,,
What's something you think I've changed about over time?,"Family, Friends, Lovers",Know me,Medium,No,Yes,إيه اللي اتغير فيا مع الوقت من وجهة نظرك؟,,
What do you think I worry about the most?,"Family, Friends, Lovers",Know me,Light,No,Yes,تفتكر إيه أكتر حاجة شايل همها؟,,
What do you think I'm most confident about?,"Family, Friends, Lovers",Know me,Light,No,Yes,إيه أكتر حاجة أنا واثق في نفسي فيها؟,,
What's one hobby you've always wanted to try?,"Coworkers, First Date, First Time Meeting, Friends",What If...,Light,Yes,Yes,إيه الهواية اللي نفسك تجربها من زمان؟,,
Do you prefer planning or going with the flow?,"Coworkers, First Date, First Time Meeting, Friends",Honest,Light,Yes,Yes,بتحب تخطط ولا تسيبها بظروفها؟,,
What's something you never get tired of?,"First Date, First Time Meeting, Friends",Deep,Light,Yes,Yes,إيه الحاجة اللي عمرك ما بتزهق منها؟,,
Are you more of a morning or night person?,"Coworkers, First Date, First Time Meeting, Friends",Funny,Light,Yes,Yes,أنت كائن نهاري ولا ليلي؟,,
What's one thing people usually get wrong about you?,"First Date, First Time Meeting, Friends",Honest,Light,Yes,Yes,إيه الفكرة الغلط اللي الناس عادة بتاخدها عنك؟,,
What's something simple that makes you happy?,"First Date, First Time Meeting, Friends",Deep,Light,Yes,Yes,إيه الحاجة البسيطة اللي بتفرحك؟,,
What's a small thing that instantly improves your mood?,"First Date, First Time Meeting, Friends",Deep,Light,Yes,Yes,إيه التفصيلة الصغيرة اللي بتحسن مودك في ثانية؟,,
What's your go-to comfort food?,"First Date, First Time Meeting, Friends",Funny,Light,Yes,Yes,إيه أكلتك المفضلة اللي بتعدل مزاجك؟,,
What kind of music do you usually listen to?,"Coworkers, First Date, First Time Meeting, Friends",Honest,Light,Yes,Yes,بتسمع نوع مزيكا إيه عادةً؟,,
"Do you enjoy being around people, or do you need alone time?","First Date, First Time Meeting, Friends",Honest,Light,Yes,Yes,بتحب اللمة ولا بتفضل قعدة البيت لوحدك؟,,
What's something you're curious about right now?,"First Date, First Time Meeting, Friends",Honest,Light,Yes,Yes,إيه اللي شاغل فضولك الأيام دي؟,,
"What's your love language, even outside relationships?","First Date, Friends",Deep,Light,No,Yes,إيه لغة الحب بتاعتك (حتى مع الصحاب والأهل)؟,,
What's your idea of a perfect simple day?,"First Date, First Time Meeting, Friends",Deep,Light,Yes,Yes,إيه هو اليوم البسيط والمثالي بالنسبة لك؟,,
What's your favorite way to spend a free evening?,"First Date, First Time Meeting, Friends",Honest,Light,Yes,Yes,بتحب تقضي سهرتك الفاضية إزاي؟,,
What makes you feel comfortable with someone?,First Date,Deep,Medium,No,Yes,إيه اللي بيخليك تاخد راحتك مع حد؟,,
What's something you're excited about lately?,"First Date, First Time Meeting, Friends",Deep,Light,Yes,Yes,إيه اللي متحمسله الفترة دي؟,,
What's a green flag for you in people?,"First Date, Friends",Honest,Light,No,Yes,إيه العلامة الخضراء (Green Flag) اللي بتحب تشوفها في الناس؟,,
"If I had to live in a video game, which one would it be?","Coworkers, Family, First Date, First Time Meeting, Friends, Lovers",Funny,Light,Yes,Yes,لو هعيش جوه لعبة فيديو، هتكون إيه؟,,
What's the weirdest thing you think I secretly enjoy?,"Coworkers, Family, First Date, First Time Meeting, Friends, Lovers",Funny,Light,Yes,Yes,إيه الحاجة الغريبة اللي تفتكر إني بستمتع بيها في السر؟,,
What's the most absurd habit I have?,"Coworkers, Family, First Date, First Time Meeting, Friends, Lovers",Funny,Light,Yes,Yes,إيه أعجب عادة عندي؟,,
"If I had a pet that matched my personality, what would it be?","Coworkers, Family, First Date, First Time Meeting, Friends, Lovers",Funny,Light,Yes,Yes,لو هربي حيوان شبه شخصيتي، هيكون إيه؟,,
Which cartoon character am I secretly most like?,"Coworkers, Family, First Date, First Time Meeting, Friends, Lovers",Funny,Light,Yes,Yes,أنا شبه مين من شخصيات الكرتون؟,,
"If I could be a superhero, what ridiculous power would I have?","Coworkers, Family, First Date, First Time Meeting, Friends, Lovers",Funny,Light,Yes,Yes,لو بقيت بطل خارق، تفتكر قوتي العجيبة هتبقى إيه؟,,
What's the funniest thing you've caught me doing by accident?,"Coworkers, Family, First Date, First Time Meeting, Friends, Lovers",Funny,Light,Yes,Yes,إيه أكتر حاجة بتضحك شوفتني بعملها وأنا مش واخد بالي؟,,
What's a moment in your life that changed you the most?,"Family, First Date, Friends, Lovers",Deep,Medium,No,Yes,إيه اللحظة اللي غيرت فيك كتير في حياتك؟,,
What's one value you think defines me the most?,"Family, First Date, Friends, Lovers",Deep,Medium,No,Yes,إيه القيمة أو المبدأ اللي بيعبر عني؟,,
"If you could give me advice, what would it be?","Family, Friends, Lovers",Deep,Medium,No,Yes,لو هتنصحني نصيحة، هتقولي إيه؟,,
What do you think I'm most passionate about?,"Family, Friends, Lovers",Deep,Light,No,Yes,تفتكر إيه أكتر حاجة أنا شغوف بيها؟,,
What makes you trust someone completely?,"Family, First Date, Friends, Lovers",Deep,Medium,No,Yes,إيه اللي يخليك تثق في حد ثقة عمياء؟,,
"If you could relive one day with me, which would it be?","Family, Friends, Lovers",Deep,Medium,No,Yes,لو ينفع تعيد يوم واحد قضيناه سوا، هتختار أنهي؟,,
How do you think I cope with stress?,"Family, Friends, Lovers",Deep,Medium,No,Yes,تفتكر أنا بتعامل إزاي مع الضغط؟,,
What do you think I hide from others?,"Friends, Lovers",Honest,Bold,No,No,تفتكر أنا بخبي إيه عن الناس؟,,
What's one thing I do that really annoys you but you've never said?,"Friends, Lovers",Honest,Bold,No,No,إيه الحاجة اللي بعملها وبتستفزك بس ماقولتليش؟,,
What's something I do that makes you question me?,"Friends, Lovers",Honest,Bold,No,No,إيه التصرف اللي بيخليك تستغربني أو تشك فيا؟,,
"If I broke a promise, which one would upset you most?",Lovers,Honest,Bold,No,No,لو خلفت وعد، إيه الوعد اللي هيزعل أوي لو كسرته؟,,
What's a truth about me you've avoided saying?,"Friends, Lovers",Honest,Bold,No,No,إيه الحقيقة اللي بتتحاشى تقولها في وشي؟,,
When do you think I'm hardest to understand?,"Family, Friends, Lovers",Honest,Medium,No,No,إمتى بكون صعب الفهم بالنسبة لك؟,,
What if you had to explain me to a stranger — what would you say?,"Coworkers, Family, First Date, First Time Meeting, Friends, Lovers",What If...,Light,Yes,Yes,لو بتوصفني لحد غريب، هتقوله إيه؟,,
What if I could read your mind for one hour — what would I learn?,"Family, First Date, Friends, Lovers",What If...,Medium,No,Yes,لو قريت أفكارك ساعة واحدة، هعرف إيه؟,,
What if we had to survive on an island — who does what?,"Coworkers, Family, First Date, First Time Meeting, Friends, Lovers",What If...,Light,Yes,Yes,لو عزلونا في جزيرة مهجورة، كل واحد فينا هيعمل إيه؟,,
What if we could live in any era — which one fits us best?,"Family, First Date, Friends, Lovers",What If...,Light,No,Yes,لو ينفع نعيش في أي زمن، أنهي عصر يليق علينا؟,,
What if we could go back to any time in our lives — where would you take me?,"Family, First Date, Friends, Lovers",What If...,Medium,No,Yes,لو رجعنا بالزمن، هتاخدني معاك فين؟,,
What if we switched personalities for a day — how would it go?,"Coworkers, Family, First Date, First Time Meeting, Friends, Lovers",What If...,Light,Yes,Yes,لو بدلنا شخصياتنا يوم، الدنيا هتمشي إزاي؟,,
What's my preferred way to spend a weekend?,"Family, Friends, Lovers",Know me,Light,No,Yes,بحب أقضي الويك إند إزاي؟,,
What's my favorite spot to relax?,"Family, Friends, Lovers",Know me,Light,No,Yes,إيه مكاني المفضل للروقان؟,,
What's a habit of mine you've noticed but never told me about?,"Family, Friends, Lovers",Know me,Light,No,Yes,إيه العادة اللي لقطتها فيا وماقولتليش؟,,
What's a weird habit of mine that I don't realize?,"Family, Friends, Lovers",Know me,Light,No,Yes,إيه العادة الغريبة اللي عندي وأنا مش حاسس؟,,
What's my favorite snack when I'm stressed?,"Family, Friends, Lovers",Know me,Light,No,Yes,إيه أكتر سناك بحب آكله لما بكون مضغوط؟,,
What's a phrase I say often without noticing?,"Family, Friends, Lovers",Know me,Light,No,Yes,إيه الكلمة أو الجملة اللي بقولها كتير من غير ما أحس؟,,
What's my guilty pleasure TV show or movie?,"Family, Friends, Lovers",Know me,Light,No,Yes,إيه الفيلم أو المسلسل اللي مكسوف إني بحبه؟ (guilty pleasure),,
"When have I hurt you, even unintentionally?","Friends, Lovers",Honest,Bold,No,No,إمتى جرحتك، حتى لو من غير قصد؟,,
What's one thing you think I take for granted?,"Family, Friends, Lovers",Honest,Medium,No,No,إيه الحاجة اللي تفتكر إني مش مقدر قيمتها كفاية؟,,
What's something I avoid admitting to myself?,"Friends, Lovers",Honest,Bold,No,No,إيه الحاجة اللي بهرب من إني أعترف بيها لنفسي؟,,
What's the hardest truth I need to face?,"Friends, Lovers",Honest,Bold,No,No,إيه الحقيقة المرة اللي لازم أواجهها؟,,
What's one thing I should hear but probably won't like?,"Friends, Lovers",Honest,Bold,No,No,إيه الكلام اللي لازم أسمعه بس مش هيعجبني؟,,
When have I been unfair to you?,"Friends, Lovers",Honest,Bold,No,No,إمتى جيت عليك أو ظلمتك؟,,
Would you rather never have to pick your outfit or never have to do laundry?,"Coworkers, First Date, First Time Meeting, Friends",Funny,Light,Yes,Yes,تفضل إنك عمرك ما تحتاج تختار طقمك ولا عمرك ما تحتاج تعمل غسيل؟,,
What is the best purchase you've ever made?,"Coworkers, First Date, First Time Meeting, Friends",Honest,Light,Yes,Yes,إيه أحسن حاجة اشتريتها في حياتك؟,,
By percent are you an introvert or an extrovert?,"First Date, First Time Meeting, Friends",Honest,Light,Yes,Yes,كنسبة مئوية، أنت انطوائي ولا اجتماعي؟,,
If you could be anyone for a week who would it be?,"Coworkers, First Date, First Time Meeting, Friends",What If...,Light,Yes,Yes,لو ممكن تكون أي شخص لمدة أسبوع، هتختار مين؟,,
What would be the “perfect” day for you?,"First Date, First Time Meeting, Friends, Lovers",Deep,Medium,Yes,Yes,"إيه هو اليوم ""المثالي"" بالنسبة لك؟",,
What's the best dining experience you've ever had?,"Coworkers, First Date, First Time Meeting, Friends",Funny,Light,Yes,Yes,إيه أحلى تجربة أكل عشتها في حياتك؟,,
What tradition would you most want to pass on to your children?,"Family, Friends, Lovers",Deep,Bold,No,Yes,إيه العادة اللي نفسك تعلمها لأولادك؟,,
Which of your friends is most like you?,"Friends, Lovers",Know me,Light,No,Yes,مين من أصحابك شبهك أكتر واحد؟,,
Would you rather have an unlimited international first class ticket or never have to pay for food at restaurants?,"Coworkers, First Date, First Time Meeting, Friends",What If...,Light,Yes,Yes,تفضل يكون معاك تذكرة طيران درجة أولى دولية مدى الحياة ولا متدفعش فلوس الأكل في المطاعم أبداً؟,,
What is your secret passion or skill?,"First Date, Friends, Lovers",Deep,Medium,No,Yes,إيه موهبتك أو شغفك السري؟,,
What is the worst pain you've ever experienced?,"Friends, Lovers",Honest,Bold,No,No,إيه أسوأ وجع حسيته في حياتك؟,,
What do you miss about your last job?,"Coworkers, Friends",Honest,Light,Yes,Yes,إيه اللي بتوحشك من شغلك الأخير؟,,
Would you rather never use social media or never watch movies or TV shows?,"Coworkers, First Date, First Time Meeting, Friends",What If...,Light,Yes,Yes,تفضل عمرك ما تستخدم سوشيال ميديا ولا عمرك ما تشوف أفلام ومسلسلات؟,,
If you could do something dangerous just once with no risk what would you do?,"Coworkers, First Date, First Time Meeting, Friends",What If...,Medium,Yes,Yes,لو ممكن تعمل حاجة خطيرة مرة واحدة بس ومفيش أي خطر، هتعمل إيه؟,,
What makes the best gifts?,"First Date, First Time Meeting, Friends, Lovers",Honest,Light,Yes,Yes,إيه اللي بيخلي الهدية حلوة بجد؟,,
"If you had to spend 100,000EGP right now -  what would you buy?","Coworkers, First Date, First Time Meeting, Friends",What If...,Light,Yes,Yes,لو مضطر تصرف 100 ألف جنيه دلوقتي، هتشتري إيه؟,,
What are you really good at fixing?,"Coworkers, First Date, First Time Meeting, Friends",Honest,Light,Yes,Yes,إيه الحاجة اللي شاطر أوي في تصليحها؟,,
What is one thing that you love but don't really need?,"First Date, First Time Meeting, Friends, Lovers",Deep,Light,Yes,Yes,إيه الحاجة اللي بتحبها بس مش محتاجها بجد؟,,
What’s your favorite thing about yourself?,"First Date, Friends, Lovers",Deep,Medium,No,Yes,إيه أكتر حاجة بتحبها في نفسك؟,,
What is the best gift you've ever received?,"First Date, First Time Meeting, Friends, Lovers",Deep,Light,Yes,Yes,إيه أحسن هدية جتلكم؟,,
What does your me-time look like?,"First Date, First Time Meeting, Friends, Lovers",Honest,Light,Yes,Yes,وقتك الخاص (Me-Time) بيبقى عامل إزاي؟,,
If you could wake up tomorrow with a new quality or ability what would it be?,"Coworkers, First Date, First Time Meeting, Friends",What If...,Medium,Yes,Yes,لو صحيت بكرة بصفة أو قدرة جديدة، هتكون إيه؟,,
What’s something you’ve learned in the last week?,"Coworkers, First Date, First Time Meeting, Friends",Honest,Light,Yes,Yes,إيه الحاجة اللي اتعلمتها في الأسبوع اللي فات؟,,
What’s the most enjoyable part of your weekly routine?,"Coworkers, First Date, First Time Meeting, Friends",Deep,Light,Yes,Yes,إيه أكتر جزء ممتع في روتينك الأسبوعي؟,,
For what things do you spare no expense?,"Coworkers, First Date, Friends, Lovers",Honest,Medium,No,Yes,إيه الحاجات اللي متبخلش عليها بفلوس؟,,
Who do you love to spend time with and why?,"Family, Friends, Lovers",Deep,Medium,No,Yes,بتحب تقضي وقت مع مين وليه؟,,